[{
  "author_name": "sildenafil citrate",
  "author_email": "Wisozk@inc.org",
  "author_url": ""
},
  {
    "author_name": "Charles Dickens",
    "author_email": "classicliterature@preserve.edu",
    "author_url": "www.classicpreservation.edu"
  },
  {
    "author_name": "William Gibson",
    "author_email": "WiltheoriginalGibson@gmail.com",
    "author_url": "IamCyberPunk.com"
  },
  {
    "author_name": "Neil Strauss",
    "author_email": "nsfiction@ace.com",
    "author_url": ""
  },
  {
    "author_name": "Charlotte Roche",
    "author_email": "",
    "author_url": "anderwebseite.gr"
  },
  {
    "author_name": "Brandon Sanderson",
    "author_email": "IbuildWorlds@gmail.com",
    "author_url": "WorldBuildingKing.com"
  },
  {
    "author_name": "Amelia Williams",
    "author_email": "inthebluebox@tardis.uk",
    "author_url": "Ifollowedthemadman.bluebox.uk"
  },
  {
    "author_name": "Phillip K. Dick",
    "author_email": "amIreallygone@otherworlds.org",
    "author_url": "Ifollowthemultiverse.org"
  },
  {
    "author_name": "Hans Christian Anderson",
    "author_email": "literaryClassic@preserve.edu",
    "author_url": "hans.classicpreservation.edu"
  },
  {
    "author_name": "Patrick Rothfuss",
    "author_email": "name@wind.world",
    "author_url": "namer.com"
  }]
